property_type,state,latitude,longitude,area,price
townhouse,,43.2587403,17.8880075,434.97,"$541,885"
house,,34.620202,112.453926,348.25,"$601,831"
condo,,-4.163679,18.8076195,729.05,"$153,200"
townhouse,,22.826877,107.840624,431.57,"$646,160"
villa,,27.483293,120.562211,135.08,"$885,209"
townhouse,,32.9234588,12.0775411,81.08,"$600,153"
townhouse,,31.3085444,30.8039474,168.29,"$957,920"
house,,26.352089,111.262144,205.25,"$462,003"
villa,,35.2923343,10.7041509,491.03,"$996,208"
apartment,,16.6969748,121.5594587,991.61,"$968,869"
apartment,,36.091367,120.494295,256.28,"$610,078"
villa,,8.0120727,4.8987523,146.36,"$289,980"
apartment,,-10.5398609,121.9387783,217.12,"$641,047"
condo,CA,34.149491,-118.099449,309.88,"$748,555"
villa,,23.902479,106.618283,289.36,"$196,892"
townhouse,,49.9194173,27.7666835,897.98,"$160,274"
condo,,56.4808469,43.5438088,657.42,"$342,688"
apartment,,31.385597,120.980736,147.13,"$272,003"
condo,,-7.4416099,108.6205315,686,"$511,660"
townhouse,,15.3445135,104.1560983,925.47,"$152,558"
house,,22.863502,114.333767,108.36,"$928,155"
townhouse,,25.994869,111.984823,988.64,"$781,712"
condo,,10.5682157,105.2341082,331.99,"$256,376"
house,,16.7621977,102.6336894,274.41,"$425,083"
house,E,58.5372113,15.0131752,722.21,"$695,251"
house,,14.5792342,120.9965883,282.59,"$366,416"
condo,,22.3348365,91.8365195,451.42,"$330,233"
villa,,35.732798,116.489043,578.05,"$57,317"
apartment,,33.0517157,68.0149609,589.53,"$600,275"
house,,-8.655524,119.0052561,823.24,"$22,849"
house,,29.586414,110.046252,749.84,"$377,206"
condo,,31.491169,120.31191,852.75,"$449,603"
villa,,-6.3034502,106.4563567,476.41,"$893,664"
condo,,-14.12,-71.47278,936.24,"$746,193"
villa,,-20.0859007,-45.2957103,563.06,"$739,548"
townhouse,,48.043204,38.1393965,431.67,"$41,914"
apartment,TAS,-42.8821377,147.3271949,787.97,"$718,462"
townhouse,,50.0898965,19.7935705,746.45,"$756,111"
townhouse,,-26.5524312,29.0750837,749.94,"$725,638"
townhouse,WA,-31.9478653,115.8693718,28.7,"$891,200"
house,,36.0190178,129.3434808,142.45,"$647,185"
villa,,-10.8588218,123.006322,794.34,"$180,913"
villa,,-13.4605423,24.9932143,409.24,"$981,412"
house,,-19.6189005,-44.0404979,434.66,"$933,190"
villa,,51.4238758,26.1385322,77.79,"$238,745"
apartment,,-2.7968956,115.1859517,689.16,"$900,375"
villa,,38.05106,114.463347,496.63,"$765,623"
villa,CA,35.1268513,-119.1855785,103.3,"$308,806"
apartment,GA,33.7200336,-84.5851994,584.44,"$460,368"
condo,,11.275175,125.0079426,709.96,"$508,133"
apartment,,22.170437,111.791539,888.03,"$346,695"
house,,45.6138162,20.0459853,245.09,"$538,717"
villa,,44.9442659,20.2192192,960.31,"$65,042"
condo,,28.579409,110.090436,638.19,"$757,693"
townhouse,,15.4960415,43.739395,656.11,"$111,287"
house,,43.7281385,7.417857,641.66,"$527,265"
apartment,,51.55352,118.3446,418.47,"$721,955"
townhouse,,-8.3307,113.4145,365.14,"$251,340"
townhouse,,54.6437754,21.780179,457.26,"$929,803"
townhouse,,14.72328,102.1609718,905.41,"$889,551"
apartment,,55.3500609,61.3466506,671.16,"$610,061"
villa,,-8.38225,114.63643,787.69,"$640,505"
apartment,ENG,51.4063964,-2.6467239,868.81,"$716,652"
villa,,23.791187,112.299103,454.28,"$873,687"
condo,,-6.7347875,111.4648515,246.37,"$706,117"
condo,,24.625561,118.431541,272.66,"$840,951"
townhouse,,56.7679359,37.5577219,197.49,"$199,553"
apartment,,27.738569,108.831887,163.42,"$373,818"
townhouse,,30.60215,110.836537,566.33,"$514,199"
townhouse,VER,18.8826771,-96.935003,658.15,"$318,472"
house,,40.174881,123.52481,500.59,"$467,422"
apartment,,45.4146244,18.6959162,691.02,"$781,967"
villa,,14.3631814,48.9820259,131.26,"$881,674"
townhouse,MIC,19.7267712,-101.1850967,720.01,"$622,820"
apartment,99,49.1931313,-0.3907558,120.96,"$926,836"
condo,,-31.4149049,-64.1467066,276.01,"$795,561"
apartment,MB,49.1980747,-98.102542,787.04,"$423,233"
villa,,-16.0252339,35.5083136,990.97,"$606,249"
house,,29.866911,115.61166,486.03,"$120,644"
townhouse,,54.5815949,54.5367341,990.09,"$543,792"
villa,,38.88829,22.4641,825.72,"$636,415"
house,,27.948308,109.599191,302.06,"$679,586"
apartment,,53.9266,31.4779,988.15,"$781,730"
villa,SK,49.6666528,-103.8451959,629.15,"$616,530"
apartment,,49.7503184,15.3480679,484.45,"$473,870"
townhouse,,-6.1270886,139.2233389,393.12,"$18,291"
condo,,11.5730131,124.4203391,849.34,"$533,598"
apartment,,-33.6815281,-70.9853968,455.99,"$506,064"
condo,X,61.2427595,16.5504575,51.55,"$303,837"
house,,-7.7607338,112.1698476,385.16,"$980,281"
house,,-6.6825,105.8573,252.86,"$944,278"
villa,,53.6094246,18.5697311,264.95,"$646,322"
townhouse,9,41.0529013,-7.2705019,200.69,"$683,725"
condo,,31.2682228,56.7973878,734.26,"$476,000"
apartment,,51.7717109,15.921227,635.61,"$703,224"
townhouse,,14.2559497,101.0315823,334.19,"$466,121"
apartment,,49.5904912,19.710237,609.43,"$592,049"
villa,,42.2020702,25.3248541,811.71,"$715,139"
condo,,31.26886,-9.183608,93.95,"$556,963"
townhouse,,40.472433,23.0927079,341.03,"$31,455"
condo,,41.356361,82.63142,911.81,"$483,761"
apartment,,35.343194,107.367016,892.89,"$917,969"
townhouse,,7.5727556,123.1797838,105.21,"$49,928"
condo,B9,45.945945,6.6371251,913.21,"$936,163"
house,,38.34185,66.56342,795.2,"$990,731"
apartment,,40.5851643,46.8429953,739.7,"$321,409"
villa,,50.5037851,14.7986888,749.25,"$949,332"
townhouse,,45.0169373,39.1009227,693.54,"$312,400"
townhouse,BD,65.3436554,21.5024355,115.25,"$568,500"
villa,,25.178421,106.099617,460.83,"$834,112"
villa,,13.1277417,122.9790773,613.04,"$101,009"
condo,,48.7078478,44.5139052,667.06,"$465,990"
apartment,,-0.4277809,36.9433591,357.98,"$23,306"
townhouse,,34.1205182,71.1485258,563.18,"$251,690"
villa,,-20.4413004,-63.2798225,181.2,"$424,006"
villa,,28.801077,108.102703,395.58,"$962,613"
house,,52.0404797,76.9262526,392.67,"$192,355"
villa,,19.5094038,-71.595154,454.43,"$927,578"
villa,,-34.5802207,-58.5351929,836.63,"$613,896"
apartment,,-6.3398714,108.2970692,926.88,"$880,235"
villa,,39.8592119,20.0271001,760.2,"$120,985"
villa,,-3.2023658,-45.0373171,761.79,"$952,186"
townhouse,B8,43.2894617,5.3563232,564.2,"$645,655"
condo,,-5.5850343,-39.3708321,43.49,"$660,827"
house,,-6.1756543,35.7926792,531.56,"$523,719"
villa,,56.6332138,47.9021415,65.41,"$480,193"
apartment,,33.6419542,-117.5950841,563.25,"$470,765"
condo,3,59.9112915,10.7140212,83.56,"$575,675"
condo,,-15.3612378,-70.3628516,257.02,"$54,347"
townhouse,,41.217649,123.1966721,182.29,"$261,076"
townhouse,,28.582654,121.365123,588.43,"$802,498"
condo,,4.888109,-73.366926,745.27,"$355,241"
apartment,,-6.2386948,106.8176984,652.02,"$134,602"
townhouse,,59.1308951,31.8512437,192.96,"$503,973"
apartment,,-45.8802629,-67.5305258,226.82,"$200,421"
apartment,,-10.7194641,-62.2542716,804.47,"$948,742"
townhouse,,-5.3810959,105.2955575,819.63,"$72,606"
villa,,49.9958981,31.5594099,225.87,"$585,635"
apartment,,40.229627,22.4989768,294.78,"$349,836"
apartment,,45.7676321,15.6745822,975.65,"$27,670"
townhouse,,29.1560917,16.1463317,767.61,"$487,186"
house,,44.871595,17.0036172,692.12,"$898,323"
condo,,6.9936468,35.5821994,817.12,"$597,481"
villa,,8.50874,-73.4488,912.44,"$704,731"
house,,-6.308986,106.8766009,73.03,"$960,877"
condo,,31.4299792,120.096494,498.23,"$10,989"
house,,46.2144039,15.1585599,607.08,"$607,689"
house,,33.754058,113.900735,555.15,"$735,461"
house,,-8.7817434,117.1147095,93.26,"$322,561"
house,,22.1215513,95.1536327,217.65,"$77,922"
townhouse,,-6.8952768,111.6124134,930.46,"$363,498"
townhouse,,30.701369,111.98348,424.85,"$264,416"
villa,,-9.7934897,124.4319309,91.53,"$244,525"
villa,,43.4627537,43.0377128,116.91,"$362,652"
condo,,29.820745,90.908217,327.57,"$128,570"
apartment,,-24.6282079,25.9231471,16.82,"$673,291"
condo,,38.9814589,139.934112,54.24,"$908,855"
townhouse,,-15.133391,23.1530897,238.21,"$769,028"
villa,,6.876221,38.4481869,822.72,"$299,677"
villa,,32.993106,97.008784,963.94,"$376,153"
condo,,32.584328,111.948474,21.42,"$126,528"
apartment,,26.319938,113.810157,200.5,"$109,995"
apartment,,23.113478,113.417068,487.49,"$741,091"
condo,,-34.0736398,18.470633,140.77,"$468,216"
condo,,53.0905078,16.9015317,607.64,"$176,408"
apartment,,28.9301227,99.8001946,409.39,"$154,778"
villa,,19.1765583,-72.1386513,290.54,"$754,307"
house,,35.1799817,128.1076213,658.29,"$273,441"
condo,3,41.646065,-8.4826853,366.05,"$901,358"
apartment,,-7.0609,113.7136,342.37,"$398,207"
townhouse,,50.8424855,33.1399988,659.07,"$890,819"
condo,,66.322631,23.67353,325.32,"$858,491"
villa,SBH,5.9840985,116.0761121,305.44,"$213,505"
apartment,,-40.1500467,-71.3377934,95.32,"$559,655"
villa,3,59.8879013,10.802721,781.54,"$798,584"
condo,,39.909214,116.45252,389.74,"$674,963"
house,,-7.3537968,36.7361539,442.17,"$123,666"
townhouse,12,39.4110563,-7.349941,417.16,"$657,081"
apartment,,47.1601577,40.224989,481.64,"$196,255"
villa,,29.144064,121.006595,673.31,"$242,059"
townhouse,,29.677333,104.747254,193.49,"$411,004"
townhouse,,-29.7569364,-51.8311441,765,"$517,839"
townhouse,,31.690215,113.382458,747.61,"$444,879"
apartment,,12.16219,-68.2713254,376.57,"$41,483"
villa,,39.925359,116.410316,417.76,"$350,859"
condo,,39.3240601,-77.3485436,892.6,"$123,238"
condo,,-38.977251,-67.826868,458.26,"$234,757"
condo,,41.494692,22.096939,859.61,"$869,504"
villa,,27.087637,114.964696,310.88,"$840,364"
apartment,,35.1899597,25.7164166,572.05,"$208,843"
apartment,,15.9272632,107.6392892,210,"$110,132"
villa,,36.1113287,138.7601651,662.28,"$234,724"
townhouse,,19.727097,110.319788,496.08,"$167,486"
condo,,50.8290137,15.6741931,884.44,"$945,610"
apartment,,15.482806,120.6852664,981.79,"$181,281"
house,,13.3670968,103.8448134,247.32,"$349,323"
condo,COA,19.5037694,-99.1324282,754.45,"$581,966"
villa,,20.8,106.999722,58.63,"$936,110"
villa,,33.755453,111.648408,388.22,"$316,304"
villa,,-7.5957387,108.2881709,122.69,"$840,935"
condo,,39.128291,117.251586,593.41,"$174,746"
villa,,-7.1929741,111.7197315,201.09,"$480,661"
townhouse,,39.6900895,115.9298599,144,"$793,983"
house,,24.44218,114.938684,162.5,"$333,022"
townhouse,A8,48.7212066,2.1222327,755.11,"$878,177"
townhouse,,45.8266432,20.5937585,655.79,"$23,573"
villa,,10.729632,124.795761,780.35,"$771,414"
condo,,37.429832,110.88907,984.29,"$332,673"
condo,,-18.1442811,49.3957836,474.4,"$94,333"
townhouse,,-24.5002295,-47.8448116,424.35,"$119,020"
condo,,26.610707,115.81778,279.08,"$778,229"
condo,,13.8506865,44.7029603,906.58,"$57,564"
house,,47.298877,132.09903,997.87,"$806,562"
house,,7.5683211,-72.4450467,43.37,"$952,321"
house,,50.2036798,19.0197207,560.44,"$877,049"
townhouse,,41.3047616,69.2817267,869.52,"$817,151"
house,,36.457599,111.439528,207.19,"$701,367"
house,,23.69589,113.645048,540.76,"$436,581"
apartment,,27.630806,114.029827,598.88,"$169,703"
townhouse,,-6.971971,108.4943751,850.33,"$641,379"
condo,,23.377789,116.508701,119.53,"$529,321"
house,SK,50.13332,-101.66766,564.89,"$987,415"
house,,59.8863041,29.9085976,893.99,"$682,204"
villa,,50.1544063,15.4602634,934.71,"$514,503"
apartment,QC,48.73808,-69.08478,421.89,"$650,887"
villa,,-7.5450262,111.6556388,287.89,"$509,994"
townhouse,,12.6030181,37.4521319,202.3,"$261,808"
townhouse,,33.5590518,71.4915293,65.62,"$384,382"
apartment,,-8.6766175,122.1291843,936.35,"$626,221"
house,,50.88758,21.66654,937.61,"$524,111"
condo,,43.653169,111.977943,45.31,"$889,537"
villa,,-6.9174639,107.6191228,523.18,"$265,115"
townhouse,,61.2559503,73.3845471,445.18,"$662,732"
condo,,49.5098047,17.4772489,86.42,"$924,460"
house,LA,30.372807,-91.1833043,467.46,"$83,106"
townhouse,,-14.3386959,-72.8936384,312.85,"$391,765"
condo,,37.1448926,138.8255274,164.24,"$31,571"
villa,O,58.2730218,13.1994008,14.86,"$55,873"
townhouse,,-10.1709258,123.6059899,32.3,"$616,101"
apartment,N,56.9940675,13.209918,145.44,"$178,386"
condo,,5.995876,80.284415,110.88,"$815,712"
townhouse,,-8.0061188,112.1132142,664.66,"$698,807"
townhouse,,25.702973,118.368684,947.02,"$478,103"
apartment,,7.5292285,125.6879765,946.05,"$332,406"
townhouse,,14.6014909,103.0933171,696.26,"$439,652"
townhouse,,-21.0482479,-49.6879727,59.21,"$193,335"
condo,,20.690696,101.9861694,11.13,"$823,412"
apartment,,32.14237,61.4469,300.56,"$955,757"
villa,,33.868434,113.054801,347.66,"$64,301"
condo,,22.0293,107.632598,117.08,"$632,717"
condo,,-8.2154626,115.376643,665.36,"$231,023"
condo,,41.0084382,70.074132,804.87,"$781,418"
villa,,-22.121114,-51.3930254,390.59,"$581,567"
house,,51.5000229,15.1996268,674.39,"$711,506"
villa,T,59.2766517,15.2072783,390.71,"$838,891"
condo,,52.3140368,19.4070384,856.42,"$370,587"
house,,43.708681,45.2427175,614.37,"$859,045"
townhouse,,31.7244854,118.1084793,361.21,"$644,568"
villa,,30.289195,110.224358,478.4,"$493,293"
condo,,52.1501483,20.8188133,183.94,"$332,849"
apartment,,30.2676,120.066439,293.72,"$623,357"
house,,39.6003316,20.3077691,385.48,"$901,290"
condo,,-34.5903044,-58.4985279,84.23,"$794,611"
house,,7.5521655,125.7343514,413.46,"$668,391"
apartment,,34.606756,119.19371,539.48,"$178,015"
house,,36.097577,114.392392,733.97,"$234,640"
house,,-11.0883431,-77.6106512,690.99,"$192,808"
apartment,,46.6794431,29.974368,992.47,"$157,369"
condo,,-9.6665263,120.2465683,483.79,"$530,332"
villa,,-22.2756953,-51.5002318,33.5,"$685,281"
condo,,29.803849,118.862331,876.93,"$103,115"
condo,,31.9633663,49.2892129,137.45,"$611,058"
townhouse,,-7.6645385,111.3158022,197.89,"$291,000"
apartment,,54.760117,17.5563117,804.56,"$551,240"
house,B7,45.644891,0.140606,474.09,"$234,808"
villa,,40.1654278,44.3636446,363.55,"$798,505"
townhouse,,36.2429169,128.2989526,961.37,"$478,392"
condo,,-7.6044869,109.5068254,25.73,"$314,798"
townhouse,,53.9240029,53.873969,228.03,"$239,778"
house,,-9.2786495,-36.6150136,486.97,"$860,658"
house,,-38.9786963,-67.8126798,255.9,"$350,547"
house,,37.1504622,42.6726771,725.48,"$137,186"
villa,,49.7058855,6.3726286,156.17,"$396,118"
house,,40.4531669,50.089775,587.79,"$488,893"
townhouse,O,57.6593247,11.8915238,21.43,"$234,895"
house,,9.2422286,125.5562747,604.1,"$131,481"
house,,19.9034294,100.0359661,937.86,"$412,394"
villa,MOR,18.9201578,-99.1802147,848.72,"$51,033"
condo,,-22.0227557,-63.6775234,871.2,"$46,890"
house,,10.049147,125.0259763,118.32,"$643,888"
villa,,-6.125044,106.8377497,762.9,"$416,140"
villa,,56.036667,39.9203466,484.69,"$584,700"
condo,QC,45.4032761,-73.9503607,370.06,"$261,066"
townhouse,,56.5092219,25.7635891,115.77,"$566,065"
condo,13,41.3507611,-8.2517567,301.91,"$966,577"
townhouse,,-6.8952768,111.6124134,487.33,"$307,270"
townhouse,,-8.759734,121.8306397,182.57,"$208,490"
apartment,T,59.2648646,15.2289108,421.17,"$996,433"
townhouse,,17.4214483,102.5642447,495.95,"$857,367"
condo,,31.7975831,14.053676,607.44,"$56,945"
townhouse,,50.817118,18.880399,524.41,"$402,199"
house,,51.3613799,20.7949705,59.8,"$80,097"
townhouse,,53.2492381,-6.6633404,827.62,"$601,425"
townhouse,,51.3106091,21.2523841,703.57,"$778,505"
house,,-6.1410265,12.3521148,505.97,"$79,527"
apartment,,48.8423175,14.6392384,868.08,"$84,016"
apartment,3,59.9162711,10.7067713,45.07,"$517,631"
apartment,,36.6107151,27.1320962,129.69,"$597,654"
house,,9.090009,126.162783,521.48,"$153,040"
apartment,A8,49.1025395,2.0362602,551.76,"$573,066"
townhouse,,-7.25717,112.67026,507.66,"$623,557"
villa,,39.109563,117.223371,656.2,"$463,106"
villa,,30.453667,114.872199,138.64,"$468,546"
townhouse,TX,30.181965,-97.9701846,761.58,"$587,566"
townhouse,,0.9718896,124.7851264,373.51,"$532,656"
villa,,21.441808,110.778411,34.99,"$585,910"
house,,39.1845611,22.7382766,314.42,"$441,059"
apartment,,-25.8542944,28.1804515,64.58,"$774,181"
villa,,58.760833,59.5550001,704.2,"$356,986"
apartment,,2.394682,98.4403573,343.97,"$16,683"
condo,,58.0935206,27.4104797,449.14,"$560,165"
townhouse,,-8.6268,120.4599,733.04,"$46,634"
townhouse,,10.3166,123.90114,519.8,"$847,136"
townhouse,,41.821778,124.048453,268.85,"$748,745"
townhouse,,40.062717,116.347038,379.62,"$528,972"
villa,,2.582523,-75.4498009,994.7,"$159,343"
townhouse,,-5.282644,123.5839983,223.23,"$952,222"
townhouse,NAY,21.5032386,-104.9078597,346.17,"$304,245"
house,,27.718295,119.394148,451.91,"$178,995"
villa,,-6.791629,111.5140386,429.98,"$708,376"
townhouse,,-6.9236,113.2611,438.3,"$785,000"
condo,,38.6754819,46.1117612,272.39,"$626,349"
apartment,,61.1066573,21.4727058,501.46,"$245,345"
townhouse,,6.6763591,-72.7628653,957.04,"$895,236"
apartment,,56.0488224,39.0652818,641.91,"$154,341"
villa,,44.8209481,19.3850911,421.42,"$179,829"
townhouse,,26.4755204,67.7240089,891.72,"$915,651"
condo,,-38.9719333,-68.0439522,707.61,"$49,765"
condo,,-8.113,113.8437,853.78,"$967,485"
apartment,,-13.6445104,32.6447001,804.29,"$97,813"
house,,24.2629574,97.2383178,227.24,"$710,463"
villa,,-6.1604549,106.9054618,339.99,"$389,266"
condo,,49.275632,13.8214707,826.42,"$700,970"
townhouse,,50.003461,19.612945,955.15,"$781,091"
house,,-9.353427,28.7402073,555.11,"$295,114"
villa,,61.9919,-49.6572,146.66,"$900,600"
villa,,37.9847063,21.4203066,55.67,"$480,870"
apartment,,-34.6126133,-58.5677879,795.11,"$273,513"
condo,,50.5965585,13.5929744,623.12,"$63,009"
townhouse,,23.063746,112.836668,252.69,"$90,119"
townhouse,,37.749246,140.4729678,961.86,"$562,263"
condo,,-2.0865267,120.6832556,734.38,"$506,411"
townhouse,,-8.1067604,111.8240676,874.78,"$673,803"
apartment,NS,44.38345,-64.31545,778.88,"$872,087"
house,1,40.8157748,-8.489917,165.83,"$231,258"
condo,,58.7462917,26.3972118,255.74,"$223,392"
townhouse,,53.3223974,-6.374155,756.34,"$310,733"
house,,23.923594,115.761018,103.82,"$307,486"
condo,,10.9015165,-64.0857232,406.83,"$531,797"
condo,,31.66516,35.16727,207.18,"$544,373"
apartment,,-28.8953831,27.9073244,880.53,"$796,269"
townhouse,,-6.279197,106.832873,324.07,"$712,754"
villa,,56.4177803,21.8525134,309.47,"$428,820"
condo,,-31.4505323,-64.1847851,549.73,"$280,978"
villa,,44.8488314,65.4822686,452.2,"$419,367"
townhouse,A8,48.4057628,2.6949635,306.82,"$525,628"
house,COA,19.4127929,-99.1186381,806.88,"$740,017"
condo,AB,59.7458284,18.6851872,477.3,"$314,246"
villa,,34.1840093,71.7791319,285.12,"$11,922"
condo,,49.9521852,18.4800457,947.27,"$399,470"
villa,,47.2495437,107.5408308,101.92,"$939,065"
condo,,39.982718,117.078294,812.59,"$176,820"
condo,,41.420018,128.200789,354.72,"$820,977"
apartment,6,40.3984011,-8.7050402,180.7,"$384,321"
apartment,,45.6446494,38.1651985,281.24,"$829,799"
house,,12.3084603,124.6357734,673.63,"$800,536"
house,,43.3572645,16.9520477,686.16,"$625,062"
condo,,8.9438393,125.5403208,481.24,"$910,491"
villa,,50.4351008,15.2414232,560.42,"$599,791"
townhouse,,16.4504042,102.6402895,112.33,"$831,658"
house,,49.6273493,16.522025,671.85,"$374,111"
townhouse,,25.489999,103.796167,414.6,"$848,374"
house,,-1.5697615,110.5215459,314.47,"$458,627"
house,,-8.793392,121.9330894,714.6,"$16,843"
apartment,,39.377733,99.819316,238.63,"$522,105"
villa,,27.223071,103.7893123,330.74,"$560,096"
villa,,29.115188,93.866536,235,"$617,579"
house,,-6.267562,106.6143944,530.06,"$657,343"
house,,48.4978938,30.9365392,156.73,"$303,517"
townhouse,,-27.4249796,30.8190797,435.45,"$672,952"
villa,,-10.0519585,-36.2196853,802.23,"$753,169"
condo,,32.556936,120.681655,94.13,"$918,820"
house,AB,59.3687545,17.9778073,153.17,"$624,250"
house,,-27.6662277,-48.5269452,407.17,"$346,625"
apartment,,36.8456427,54.4393363,920.51,"$745,516"
condo,1084,55.6885155,12.5873995,129.85,"$546,494"
townhouse,,12.4102568,122.0493078,839.13,"$926,491"
apartment,,13.490046,120.960159,946,"$85,238"
villa,,44.1425014,22.7793914,112.65,"$69,294"
condo,,-6.3991308,106.7411559,981.95,"$340,094"
condo,,37.8457328,139.2342041,774.67,"$344,967"
house,,-7.1194958,-34.8450118,905.45,"$166,514"
townhouse,,6.7640051,124.3754414,128.49,"$334,171"
townhouse,,30.9882241,121.1241334,30.33,"$328,253"
townhouse,VER,17.9567646,-102.1943485,229.73,"$725,906"
house,,-13.4605423,24.9932143,933.79,"$798,814"
townhouse,,60.562013,29.8532768,292.79,"$572,618"
apartment,,36.8092579,27.0981016,162.27,"$449,450"
apartment,,9.2034963,12.4953899,59.22,"$446,985"
condo,,40.115306,113.457407,461.49,"$535,115"
villa,H,56.7155821,16.6880656,96.6,"$257,854"
condo,CA,36.6777372,-121.6555013,368.43,"$683,920"
villa,,38.234501,115.519278,39.51,"$815,632"
villa,13,41.3507611,-8.2517567,993.42,"$677,679"
villa,,51.532126,92.8882656,892.45,"$291,327"
apartment,,-8.2285121,123.7433907,937.29,"$883,077"
villa,,-2.0185322,33.8746152,563.33,"$323,011"
villa,,38.47436,106.239679,453.45,"$240,612"
condo,,39.9729825,67.199876,514.98,"$584,029"
house,,-6.5975194,106.3404925,46.5,"$924,429"
villa,,-0.9002915,119.8779987,510.36,"$737,734"
apartment,1,40.8926881,-8.4460592,951.82,"$879,291"
house,,26.141854,116.188408,36.87,"$690,125"
condo,,53.1406245,17.1259608,43.4,"$537,446"
townhouse,,41.3298054,44.2073125,613.91,"$524,883"
townhouse,,27.190708,109.818685,936.68,"$972,377"
townhouse,,49.6085752,16.6797892,871.61,"$480,052"
villa,,28.854554,120.740782,947.99,"$586,416"
villa,,-28.3307679,31.4256183,330.35,"$581,266"
apartment,,-6.7790605,108.2852049,879.33,"$384,847"
condo,,42.8414484,21.5766407,985.49,"$747,181"
house,,53.5316199,15.8138245,160.11,"$419,697"
condo,,13.2551041,-59.5743195,946.06,"$463,158"
apartment,,28.125406,120.251605,99.99,"$262,628"
condo,,39.8653333,116.3998528,902.1,"$25,657"
townhouse,,61.13336,149.63283,521.4,"$485,797"
house,SGR,2.967008,101.490712,493.99,"$151,953"
house,,35.580555,100.761196,247.39,"$671,377"
condo,,47.9403226,35.4328125,388.19,"$439,436"
townhouse,,33.868434,113.054801,976.88,"$795,626"
apartment,,7.6622793,-80.5632884,991.97,"$258,002"
condo,,29.988244,120.582633,533.24,"$344,083"
villa,,-9.4449608,119.2311118,315.38,"$101,926"
condo,,52.0404797,76.9262526,778.39,"$743,100"
townhouse,,9.9497452,126.0068121,490,"$337,305"
villa,,39.0392193,125.7625241,35.77,"$398,556"
townhouse,,39.6288756,-8.6708785,741.02,"$101,141"
house,,14.26411,47.584629,258.33,"$661,529"
townhouse,13,41.549665,-7.3871483,60.63,"$151,143"
house,,-6.9158643,112.4351068,315.9,"$985,359"
townhouse,,-6.8775,111.8752,884.5,"$313,155"
townhouse,X,61.3501078,16.373663,580.1,"$759,730"
house,,16.9551818,103.4418676,934.97,"$373,880"
house,,-0.7140022,-80.109357,965.13,"$585,619"
townhouse,,21.857958,111.982232,756.41,"$815,020"
condo,,40.1336715,44.6507762,799.09,"$979,513"
apartment,,14.7121689,-88.0876336,717,"$604,357"
townhouse,,48.9901636,17.3326946,636.98,"$445,691"
house,TAM,25.8314621,-97.4875048,355.68,"$508,962"
apartment,A9,43.8363441,4.3566473,507.08,"$56,583"
apartment,,38.95389,127.89167,63.55,"$356,610"
house,,56.0895859,63.672798,231.22,"$398,705"
townhouse,,10.5839407,125.1861057,596.47,"$778,075"
villa,,49.2121445,37.2665006,636.62,"$159,371"
townhouse,,32.435435,105.843357,449.1,"$956,974"
house,,14.4783119,121.0331004,243.82,"$857,851"
villa,,-8.8814738,117.3733989,719.3,"$923,892"
house,,7.5294,124.694803,247.73,"$520,607"
apartment,,49.794945,17.865273,536.84,"$967,175"
house,,35.1684393,138.6660042,19.8,"$958,543"
apartment,A8,48.7878212,2.0441607,225.08,"$677,567"
townhouse,,-10.2057,120.529,115.79,"$625,856"
townhouse,,25.689215,100.163155,315.2,"$603,015"
apartment,,-6.8353325,108.5151507,17.13,"$441,145"
townhouse,,8.427174,-76.787678,73.1,"$485,807"
apartment,,-7.76929,114.2241895,424.32,"$579,075"
townhouse,,49.7478983,16.5775355,477.27,"$21,044"
apartment,,12.4985661,4.6424521,237.7,"$529,280"
villa,,-10.6012,121.7557,668.49,"$511,002"
house,15,38.4700063,-9.1024534,427.59,"$869,462"
house,SON,25.8007724,-100.4277766,678.21,"$944,826"
condo,,36.7240776,51.1141183,875.21,"$773,699"
house,,54.0718079,54.8763087,52.57,"$503,854"
townhouse,,-8.665669,115.18124,55.06,"$110,107"
apartment,,14.5919106,121.0228804,884.26,"$985,458"
house,,12.4069994,4.647618,337.7,"$542,362"
condo,,-6.1859723,106.8909003,958.05,"$954,845"
apartment,,38.1748383,20.5829927,434.46,"$828,600"
villa,,37.0398003,137.8674573,152.96,"$680,421"
condo,8,59.2254827,9.5589227,110.87,"$528,327"
house,,10.277766,123.85681,872.79,"$178,980"
townhouse,,45.23223,108.28245,374.46,"$478,537"
townhouse,,22.9550072,113.0126011,640.75,"$400,951"
townhouse,,-7.811056,108.438797,327.76,"$597,777"
house,,53.2780047,-6.1072403,155.8,"$473,850"
townhouse,,25.8626983,69.1193694,69.96,"$829,342"
house,,-21.7853787,-46.5619303,930.28,"$626,844"
apartment,,27.246947,114.702652,149.29,"$848,650"
house,,41.11023,20.0866554,163.51,"$909,303"
villa,,54.3352057,101.503572,919.26,"$918,642"
house,,-6.4668348,108.2347863,875.61,"$101,090"
villa,,41.5752196,26.2288126,390.58,"$134,915"
house,BL,48.1206294,17.1168892,307.69,"$79,902"
apartment,,35.3077846,51.7308724,853.46,"$608,570"
apartment,,-22.4363339,-46.8228622,370.04,"$10,670"
villa,,-7.5330309,-46.035885,201.81,"$513,244"
condo,,36.097577,114.392392,76.72,"$50,121"
house,,16.1169002,102.7020218,128.78,"$134,465"
townhouse,,49.5416577,16.2341158,288.94,"$581,117"
townhouse,,49.2809997,17.876832,177.49,"$199,186"
townhouse,,43.817071,125.323544,713.18,"$205,127"
townhouse,,63.593219,53.9068532,467.41,"$279,547"
townhouse,,4.6559524,47.8563151,839.56,"$767,025"
townhouse,,-2.2161048,113.913977,859.23,"$513,043"
house,10,39.6454395,-8.8259105,213.02,"$519,283"
apartment,,-9.7744129,-76.785759,641.25,"$786,199"
house,,42.4090329,20.7487901,148.07,"$673,281"
townhouse,,18.509402,-69.8631607,698.69,"$120,213"
house,,-2.4421225,115.188916,525.96,"$332,917"
condo,,13.415029,34.6248039,689.87,"$904,369"
apartment,,13.0034658,8.9079782,147.24,"$356,208"
apartment,,-15.2475119,-40.2509918,540.89,"$510,516"
townhouse,,4.4308445,8.941094,357.55,"$746,769"
condo,,-20.5393288,-47.4013437,983.49,"$56,671"
apartment,,8.1620514,-12.4351923,664.43,"$321,572"
house,,53.46,16.101111,339.07,"$222,628"
townhouse,,36.39141,116.632262,28.16,"$998,864"
condo,,-3.6005866,128.1160213,987.76,"$164,779"
townhouse,,-31.5469052,29.0213682,432.72,"$362,584"
villa,,30.643939,104.045346,362.58,"$148,455"
condo,,-8.47089,117.4996816,312.63,"$874,972"
apartment,,49.9112092,16.7105196,418.97,"$710,064"
apartment,,46.801046,98.0983756,901.07,"$229,011"
condo,,-8.8474131,34.834821,87.61,"$99,454"
apartment,6,40.3876316,-8.708411,421.1,"$11,007"
condo,,-7.823074,110.1576731,216.99,"$335,434"
villa,,14.31865,120.765351,485.94,"$546,424"
condo,,-31.399061,-64.2385396,776.9,"$461,849"
villa,,33.308897,87.768212,792.59,"$427,767"
townhouse,,8.955271,126.009711,733.86,"$23,375"
apartment,3,41.5660579,-8.5793664,908.88,"$659,580"
apartment,ON,45.8334,-79.38293,109.44,"$528,521"
townhouse,,-6.721769,111.5021144,831.63,"$488,278"
townhouse,14,39.1688385,-8.768872,839.83,"$305,701"
townhouse,,-7.0808057,108.6264694,869.2,"$347,158"
villa,,52.3346733,19.2782681,213.01,"$983,798"
townhouse,C1,48.4621258,7.4888434,903.92,"$531,880"
house,,-1.7775816,37.1097748,327.22,"$207,014"
house,AB,47.0162884,-68.1429994,529.43,"$708,746"
townhouse,,29.623319,100.222137,312.19,"$888,329"
house,,14.818398,120.4854364,540.53,"$775,709"
villa,,60.889349,24.5208664,725.04,"$173,122"
apartment,AZ,33.436645,-112.036451,655.41,"$961,044"
townhouse,,-7.0358264,107.9561464,410.05,"$854,746"
townhouse,,-7.0206795,112.3963638,13.25,"$822,578"
apartment,,-2.4655425,140.4101474,573.58,"$214,195"
townhouse,SN,51.3383504,12.3634475,307.3,"$431,885"
apartment,,39.577106,117.120033,357.76,"$316,992"
condo,CM,40.7074498,14.8046066,898.2,"$492,357"
villa,JAL,20.6589523,-105.2363025,714.07,"$11,887"
townhouse,AB,53.88335,-119.13585,762.25,"$716,553"
apartment,,-21.1393418,-175.204947,979.11,"$441,013"
condo,NSN,2.8197885,101.9975866,469.46,"$294,334"
villa,1,40.8576169,-8.5183398,676.4,"$765,628"
house,,50.3700968,13.794744,734.94,"$267,312"
townhouse,3,59.8271777,10.7948784,961.11,"$714,121"
villa,,49.896245,21.959222,434.79,"$978,452"
townhouse,,-19.066667,31.75,203.92,"$952,205"
apartment,,59.1690031,25.208352,13.54,"$871,397"
apartment,,-7.20429,113.53198,930.15,"$589,875"
apartment,,59.9959635,30.2984767,70.34,"$663,974"
house,ON,43.4794825,-79.6558242,637.39,"$523,951"
apartment,,-7.541449,111.8956112,500.33,"$114,836"
villa,,53.9045398,27.5615244,112.72,"$144,082"
townhouse,,-31.4505323,-64.1847851,380.84,"$792,621"
villa,BD,62.4150445,17.2885932,909.66,"$390,225"
townhouse,BD,65.3436554,21.5024355,222.5,"$243,905"
house,ENG,51.5267946,-0.0983812,870.62,"$757,258"
house,,56.3095721,42.9560492,470.95,"$599,310"
apartment,CA,33.8752935,-117.5664384,163.45,"$816,041"
apartment,MD,39.2937264,-76.6248739,628.71,"$746,039"
villa,,41.7654876,26.2019433,504.63,"$920,307"
house,,10.4471471,-74.4086073,215.44,"$318,749"
townhouse,,31.2889778,121.3464267,404.45,"$771,175"
villa,,-7.1617465,-78.5127855,920.39,"$41,865"
house,,31.18248,35.69999,16.35,"$135,109"
apartment,,2.8289721,-75.8301537,812.47,"$306,223"
house,,3.6286693,98.8693609,508.24,"$48,195"
villa,,-18.617781,47.709942,602.23,"$958,999"
condo,,-6.9826515,111.431315,477.15,"$338,997"
house,,24.9372186,118.6422409,992.6,"$736,708"
condo,,-20.2530617,-43.8030567,274.74,"$731,507"
townhouse,,-12.9698503,-39.2617368,919.36,"$208,016"
townhouse,,32.477849,117.16587,163.67,"$716,707"
apartment,,33.425066,-6.0017674,919.66,"$26,979"
townhouse,,-31.82451,-60.517846,15.82,"$415,177"
house,,49.6325518,18.2841004,227.43,"$404,832"
townhouse,,29.863599,118.307062,937.14,"$638,646"
apartment,,50.1758214,30.1017634,995.75,"$918,170"
townhouse,,-33.4557162,-71.6669341,336.23,"$416,753"
condo,,26.352089,111.262144,638.79,"$804,933"
villa,,29.040621,21.4991334,513.04,"$119,086"
condo,,-30.4015687,27.7080133,652.48,"$450,618"
apartment,,24.187566,101.14473,827.72,"$116,608"
house,,-37.6981612,176.1595188,69.26,"$987,783"
villa,,-7.5231833,-77.9710098,238.62,"$94,789"
apartment,,-8.0344803,113.9655419,899.27,"$194,478"
condo,,43.0052216,71.513917,334.74,"$321,612"
condo,,46.6274254,31.1947408,935.32,"$943,113"
apartment,,-4.5848377,-42.8572386,747.56,"$618,508"
villa,,-7.6272472,114.0369075,136.08,"$784,943"
condo,AB,59.4030805,17.8325915,260.39,"$192,666"
townhouse,,-6.9211461,107.6940475,87.6,"$123,865"
apartment,,14.8682154,120.4607543,661.4,"$903,619"
condo,,30.1102634,71.4201301,777.96,"$530,828"
villa,6,40.1676522,-8.4138349,550.08,"$861,834"
apartment,,36.11609,101.19904,58.43,"$932,704"
townhouse,,10.4816837,-66.8603112,260.73,"$346,567"
villa,,50.5504728,20.0561066,918.71,"$923,097"
townhouse,,53.3115521,45.0396698,494.92,"$351,704"
apartment,,-5.657692,132.991547,120.05,"$415,672"
villa,,10.4937816,-66.8760887,735.12,"$499,623"
townhouse,,36.6839265,139.9649414,14.4,"$608,880"
apartment,,42.0902225,42.0359711,92.71,"$66,905"
townhouse,,-20.495949,57.5497376,768.25,"$594,404"
condo,,-33.6167,-70.5667,477.09,"$334,117"
villa,,1.8786869,9.9716585,659.63,"$717,602"
apartment,,22.838345,113.343022,791.93,"$667,859"
apartment,,18.4812038,-69.899944,81,"$900,693"
condo,,11.8469126,-86.4364441,487.13,"$672,446"
townhouse,,50.5037851,14.7986888,62.47,"$936,176"
apartment,,-22.5408519,-44.1772604,711.06,"$345,967"
house,,27.804365,120.738172,640.71,"$659,840"
townhouse,,-23.9200254,31.0387714,482.94,"$696,626"
villa,,53.4131023,18.0085553,177.27,"$18,931"
apartment,,-7.7177,114.0741,333.35,"$915,620"
apartment,,39.626223,106.870444,268.82,"$41,979"
apartment,,28.5828673,121.3872734,493.05,"$909,172"
house,,13.8135951,100.4227992,52.94,"$966,275"
villa,,-3.983424,119.8612703,881.1,"$913,561"
house,1084,55.6849184,12.5506988,466.33,"$584,913"
condo,,-14.0699124,-39.5278264,322.25,"$863,345"
house,,-3.7924795,-39.2698136,635.73,"$597,580"
condo,A4,48.3006708,4.0710348,649.83,"$656,217"
condo,,14.5703297,121.1473998,204.43,"$841,262"
townhouse,,45.3081724,33.0351476,673.66,"$905,713"
apartment,,-32.8803027,-71.2497156,60.88,"$458,990"
townhouse,,42.239717,27.776119,476.46,"$648,654"
house,,9.7666664,124.4833298,533.77,"$385,586"
condo,,5.742809,125.243313,267.15,"$987,657"
apartment,AB,59.3257293,18.0160867,400.87,"$666,808"
house,,53.00338,14.96923,665.8,"$804,898"
condo,,-23.6845941,27.6808712,230.34,"$384,952"
condo,,13.3323464,-87.8500644,270.96,"$541,083"
apartment,3,41.4000931,-8.1459112,654.19,"$862,248"
apartment,,25.401313,114.362112,612.86,"$520,477"
condo,,56.4399654,59.1220846,866.99,"$816,680"
house,,-1.6258482,99.1788304,489.77,"$720,500"
villa,,-27.78905,24.69232,878.62,"$120,486"
apartment,AB,59.3606836,17.9701456,160.98,"$274,963"
apartment,,-14.3562,-75.6769489,489.79,"$450,899"
house,,14.5919106,121.0228804,162.38,"$628,832"
house,,-20.7371116,-48.9110606,437.34,"$517,641"
villa,,34.8389466,134.7007309,98.93,"$511,701"
condo,,7.1864095,100.5927222,607.96,"$236,095"
townhouse,,49.1141224,16.1902227,802.3,"$529,301"
apartment,,9.602521,105.9739049,761.69,"$60,017"
house,,23.020673,113.751799,319.69,"$710,966"
apartment,,19.2961742,-70.2559638,675.25,"$775,280"
condo,OR,45.54,-122.66,219.88,"$321,839"
house,1,41.0121335,-8.304667,503.23,"$227,343"
townhouse,,34.75245,109.239163,235.63,"$812,380"
condo,,-8.7223957,115.1767095,817.02,"$16,937"
condo,,15.8971172,100.1031202,443.01,"$826,218"
house,,52.7680084,41.2841466,140.13,"$991,182"
villa,,58.3615767,82.8403008,538.51,"$527,287"
house,,49.604873,18.0646415,603.07,"$626,947"
townhouse,,-4.4338427,-41.4537623,211.53,"$878,800"
condo,,55.5077325,41.3218512,278.27,"$325,588"
condo,,-4.9068418,35.7898106,249.73,"$604,584"
house,,46.48684,32.97498,956.16,"$195,810"
house,,39.975999,116.317558,73.11,"$934,065"
townhouse,,23.354091,116.681972,831.71,"$331,800"
condo,,-20.0783278,-44.301421,919.1,"$450,526"
apartment,,13.8758656,-89.3582599,436.37,"$700,297"
house,,21.0256819,106.9983133,802.19,"$373,584"
condo,,31.4299792,120.096494,781.1,"$966,721"
townhouse,,14.7075271,121.0259556,516.54,"$89,983"
apartment,,-13.77575,-73.4761429,557.11,"$313,623"
house,,22.463604,-79.7231612,644.02,"$520,562"
townhouse,,25.748455,116.747009,870.47,"$504,833"
townhouse,,35.9202328,39.1595698,685.87,"$820,877"
house,,31.2357377,121.5054068,591.19,"$679,458"
house,,34.771214,135.606399,819.62,"$200,524"
townhouse,,-21.2922593,-50.3407923,892.75,"$11,996"
townhouse,,50.6927144,16.7525932,596.38,"$846,595"
condo,,14.5941382,121.0671868,252.7,"$455,611"
apartment,,-6.808273,110.846846,334.13,"$204,412"
condo,,-26.4743278,-49.0023,936.41,"$726,567"
townhouse,,-9.483333,-72.716667,385.05,"$590,571"
apartment,,11.2755407,49.1878994,802.22,"$350,391"
townhouse,,60.584008,22.7376381,719.41,"$998,340"
townhouse,,-12.2684648,-41.5612423,421.87,"$574,380"
townhouse,ON,44.1087666,-79.4985091,296.4,"$418,969"
apartment,,0.6793997,-77.355413,661.67,"$123,312"
condo,,43.5211998,16.5578656,753.25,"$507,240"
apartment,,50.7577772,22.1021741,605.14,"$157,311"
townhouse,,-2.3769393,112.858217,686.46,"$816,723"
apartment,,9.1860402,35.8334494,600.18,"$969,236"
villa,,-6.7769318,-43.0226015,514.66,"$181,629"
condo,,6.2479238,102.0032957,25.46,"$931,357"
apartment,B8,43.455312,6.685055,93.2,"$503,055"
townhouse,,45.2028539,19.2482014,275.98,"$840,773"
condo,,39.586554,118.644299,966.29,"$142,304"
townhouse,,53.378253,-6.5853664,843.71,"$752,493"
condo,,-9.805626,124.6031704,271.83,"$104,710"
condo,,26.8035682,91.5039207,406.14,"$242,692"
townhouse,,-1.9296172,18.291137,206.27,"$784,972"
house,,49.8545281,18.6057328,734.58,"$150,250"
condo,,44.406105,126.965607,515.93,"$995,908"
villa,,31.154122,114.728689,404.46,"$385,371"
townhouse,,36.097577,114.392392,177.71,"$637,253"
apartment,,-25.50065,30.9136062,430.95,"$893,817"
villa,,13.8015693,121.1498452,441.85,"$229,718"
house,,48.48333,124.48333,207.19,"$149,565"
condo,,31.050715,118.858949,403.74,"$361,486"
apartment,,27.087637,114.964696,133.09,"$458,719"
villa,,24.4320647,118.3155101,294.34,"$141,580"
condo,,29.866917,118.403786,311.09,"$458,883"
villa,,7.1302807,-3.2030756,157.02,"$202,720"
apartment,,-2.9118209,119.3250347,791.32,"$223,438"
house,,22.69569,112.225334,792.13,"$343,987"
apartment,A8,48.8610504,2.3237084,406.12,"$789,087"
villa,A8,48.8069601,2.3549227,825.63,"$657,361"
house,,24.64995,116.156645,20.02,"$925,013"
apartment,,34.8062744,46.4922002,604.7,"$978,942"
condo,,32.8335722,35.9642215,689.03,"$962,392"
condo,,14.5795923,121.05079,112.48,"$803,352"
villa,,51.1434519,40.2997102,186.94,"$99,039"
house,,55.6152783,37.9416367,529.22,"$204,493"
townhouse,SC,38.1724824,15.5445064,922.41,"$257,797"
condo,,-21.224741,-50.863384,484.27,"$694,941"
villa,,45.3567755,19.6173117,254.86,"$428,557"
villa,,-18.8228804,-40.9050432,709.54,"$883,088"
townhouse,,22.2678103,114.2360778,278.68,"$680,300"
villa,,-10.7385515,39.5691841,989.37,"$641,807"
townhouse,SA,-34.9284989,138.6007456,528.94,"$669,235"
house,,14.661167,107.83885,795.92,"$959,030"
apartment,3,41.5660579,-8.5793664,362.66,"$927,817"
house,,32.7737057,35.8852393,233.78,"$638,907"
condo,,7.9500437,125.0984645,346.97,"$371,455"
condo,,23.2252,113.148534,724.82,"$585,871"
apartment,,29.8655146,121.4589773,418.61,"$921,872"
villa,DC,38.8974442,-77.0296868,711.02,"$986,307"
townhouse,,40.4989376,22.5415237,101.93,"$603,205"
house,,31.220367,121.424624,905.65,"$479,740"
villa,,42.9577803,19.0943627,597.04,"$88,087"
townhouse,,16.438508,103.5060994,612.4,"$262,878"
villa,,29.9120904,120.6367578,939.27,"$12,566"
apartment,,41.57365,120.4493879,91.06,"$534,862"
house,QC,45.96677,-71.36577,278.37,"$527,592"
townhouse,,30.910965,114.827038,939.16,"$750,219"
condo,,-8.6885822,118.7678981,454.1,"$394,130"
townhouse,,14.5598164,121.0409412,57.54,"$540,802"
apartment,,14.1999624,100.5749629,870.99,"$384,041"
condo,,7.9047781,98.3512841,257.03,"$50,277"
condo,,14.7938922,120.953604,670.69,"$404,109"
townhouse,,52.7189291,58.677007,794.68,"$399,871"
condo,18,40.5845053,-8.0854006,306.84,"$139,018"
house,,-19.2277915,-41.1602597,97.73,"$293,228"
condo,,14.5508865,121.0075554,225.47,"$643,162"
villa,,49.8387221,35.6206178,285.39,"$288,677"
villa,,-20.6405825,-65.2070534,384.06,"$663,338"
villa,,49.1168862,16.5813788,83.83,"$709,803"
townhouse,,-11.8551576,43.4470213,199.3,"$199,070"
house,,26.312444,99.850365,668.59,"$480,598"
house,,44.9442659,20.2192192,851.66,"$164,855"
apartment,,48.455754,-123.3599687,540.83,"$447,054"
apartment,11,38.8742482,-9.3993262,888.14,"$963,064"
house,,6.6101493,0.4785495,677.46,"$306,287"
villa,,39.7898,116.328689,12.08,"$640,652"
villa,,-8.2361656,113.2874692,656.11,"$876,451"
townhouse,,29.852891,114.298711,108.08,"$839,145"
villa,,49.5206119,6.0453754,153.69,"$541,358"
condo,,5.2362218,96.2283035,481.91,"$320,441"
villa,,30.662118,119.017661,420.47,"$666,681"
condo,,0.556948,109.374802,167.98,"$500,883"
condo,,61.7065022,26.6110106,738.85,"$93,241"
house,,8.0011905,-67.3950339,242.3,"$456,455"
house,,31.029897,105.220236,545.47,"$262,297"
townhouse,,44.2220308,72.3657967,817.88,"$599,807"
villa,,55.8215671,44.6852174,847.97,"$730,035"
apartment,,27.578926,110.040315,511.3,"$399,722"
condo,,36.041695,14.220356,643.57,"$734,613"
house,,-12.2695779,44.4789279,455.54,"$518,132"
condo,,36.4203181,140.5177769,408.18,"$849,261"
apartment,,7.4576765,-2.5842062,299.02,"$17,962"
townhouse,,32.64218,120.083139,708.81,"$870,955"
apartment,,-16.0437784,34.8016945,872.38,"$979,112"
condo,B7,46.8179207,0.5465548,105.75,"$653,167"
house,,28.901726,109.924422,508.47,"$930,370"
apartment,C,59.8509005,17.6300093,805.66,"$668,186"
villa,,28.151803,109.394445,664.23,"$366,871"
house,1,40.9428723,-8.4397044,979.68,"$118,030"
townhouse,,11.2748678,122.0534319,593.55,"$755,640"
townhouse,,40.256729,115.474295,902.75,"$477,805"
house,,6.8030255,126.3157043,771.91,"$15,558"
villa,,22.948016,113.366904,694.9,"$184,853"
villa,,55.580853,38.136671,453.44,"$881,273"
apartment,,-7.9207392,112.5870873,28.57,"$199,578"
house,,13.9242836,121.5035823,688.79,"$237,929"
townhouse,,2.5307213,98.5940814,820.09,"$578,698"
apartment,A8,48.9467896,2.257134,272.02,"$104,117"
condo,,39.9095503,48.3595122,172.32,"$874,446"
villa,,-28.8394041,-66.9476782,145,"$987,846"
condo,B5,47.0799211,-1.2821339,569.43,"$115,763"
apartment,,56.9846984,52.1354762,339.09,"$921,316"
house,,30.999016,102.363193,913.96,"$295,155"
house,,35.293048,112.390857,442.6,"$67,398"
townhouse,,29.131627,89.498216,947.05,"$53,518"
apartment,1,40.9522224,-8.4649248,593.43,"$959,046"
townhouse,CA,34.149491,-118.099449,271.48,"$614,615"
townhouse,A8,48.6379813,2.4259452,801.53,"$44,020"
villa,,14.689167,120.9849216,951.98,"$46,114"
villa,,56.1244724,38.8768972,614.96,"$697,483"
apartment,,21.918725,111.053561,259.97,"$942,375"
condo,,27.5936542,120.5235118,284.41,"$335,365"
townhouse,,-6.1410265,12.3521148,188.28,"$435,166"
villa,,46.7260141,142.5226178,523.33,"$539,722"
townhouse,,11.66503,-1.0634024,813.47,"$615,459"
condo,,41.9432941,20.9481376,116.28,"$801,240"
condo,,-6.2185725,106.9723202,806.68,"$828,242"
apartment,,42.9895326,131.8411237,432.43,"$992,346"
condo,,49.7216794,18.3373855,865.98,"$357,356"
villa,,30.699439,115.078981,88.95,"$249,104"
condo,,48.0288905,123.0199373,364.68,"$416,839"
apartment,,34.240577,101.123729,692.33,"$568,354"
villa,,-10.082036,124.458641,975.48,"$152,461"
condo,,53.8354447,91.3960432,880.75,"$739,479"
apartment,,36.7550603,66.8975372,81.08,"$80,700"
apartment,,24.466675,112.626495,143.46,"$490,510"
house,,48.6688151,22.7524961,745.33,"$263,979"
townhouse,,-9.7702219,124.5140637,640.66,"$82,240"
house,,23.134752,111.546403,698.25,"$194,014"
townhouse,,32.009016,112.122426,917.82,"$113,475"
condo,,33.027777,113.546942,290.55,"$858,646"
villa,,14.6031411,121.0959448,825.59,"$11,735"
house,,9.8734418,7.9551999,225.12,"$830,704"
villa,,7.5866041,0.6085749,790.68,"$405,906"
villa,,-21.6368446,-41.0484428,657.51,"$231,814"
villa,,42.5257603,21.1225078,292.77,"$39,114"
apartment,,42.5246357,87.5395855,513.51,"$592,395"
villa,,36.112722,116.454574,526.29,"$809,965"
villa,,15.6497514,-87.997164,369.65,"$713,456"
apartment,,3.9572072,126.6795425,548.5,"$516,510"
villa,,49.6492023,26.9757217,897.88,"$244,841"
villa,,-20.454542,16.6645007,621.49,"$699,677"
villa,,-34.5926613,-58.5197163,168.17,"$591,355"
apartment,PNG,5.3523231,100.3573891,907.76,"$328,597"
apartment,,46.4695205,94.0976021,80.24,"$219,414"
villa,,-28.8394041,-66.9476782,406.31,"$850,368"
condo,,35.709077,107.643631,977.3,"$591,871"
villa,,14.8725628,38.8100855,386.66,"$702,178"
condo,,52.7572749,78.2041704,126.83,"$945,381"
apartment,,34.3296,71.17852,213.53,"$109,817"
villa,,35.24069,117.554287,293.3,"$219,229"
townhouse,,14.6511524,121.0314508,729.07,"$315,576"
apartment,,40.6500061,69.9877879,430.83,"$332,036"
townhouse,46,38.4677243,-28.5112113,363.92,"$628,377"
villa,KY,38.3237571,-108.1821561,620.09,"$684,478"
condo,,15.026492,-88.8383036,491.75,"$746,463"
apartment,,51.0722125,132.6007578,754,"$913,451"
house,,45.2911425,20.1955026,583.92,"$201,761"
apartment,,48.0545221,23.623662,966.45,"$142,197"
villa,,40.3942118,44.6854034,124.41,"$322,382"
house,,39.989836,117.274909,325.86,"$139,318"
condo,,14.1285009,120.9054436,364.47,"$51,226"
condo,,27.44587,118.679751,807.35,"$830,082"
condo,,8.4478637,-65.3807101,907.02,"$430,620"
house,,9.3295342,124.6133794,159.33,"$345,401"
villa,,32.341673,36.2020028,747.53,"$834,284"
condo,,52.1058991,-9.7850991,14.5,"$510,531"
house,MO,38.6206914,-90.4408037,561.49,"$316,653"
condo,QC,45.2879358,-72.1547927,783.15,"$642,494"
condo,,-18.0065679,-70.2462741,310.97,"$895,847"
townhouse,,1.2730471,124.7851264,720.2,"$618,790"
house,,58.1420431,28.203342,214.41,"$665,475"
townhouse,,31.27707,119.567195,334.23,"$866,359"
apartment,,9.9356473,-84.0792946,947.14,"$275,971"
condo,,-22.5580993,-42.7857583,794.06,"$994,330"
townhouse,,30.760008,120.753163,266.79,"$135,558"
villa,,40.9921036,21.4232499,684.67,"$326,899"
house,,41.811979,126.918087,222.55,"$668,600"
house,,-22.4206096,-41.8625084,366.6,"$864,181"
villa,,46.526163,15.9333359,596.27,"$800,006"
villa,A8,48.5228354,2.6377136,777.51,"$52,998"
condo,,18.4445307,-69.9316834,920.69,"$793,024"
house,,60.1518638,59.9684485,147.45,"$474,951"
townhouse,,36.34931,126.59772,114.73,"$369,888"
apartment,BC,50.31641,-122.80273,738.94,"$560,800"
apartment,2,37.5096505,-8.0644068,223.43,"$217,421"
condo,10,39.8244606,-8.3790205,535.85,"$253,690"
townhouse,,-10.182653,123.583231,253.53,"$916,153"
apartment,,10.5308066,105.1609838,649.34,"$940,418"
townhouse,HE,50.1157078,8.6591469,215.01,"$613,132"
townhouse,,35.3209172,136.8367649,545.06,"$158,834"
condo,,36.886546,121.456161,77.63,"$401,368"
villa,G,56.2960315,14.8591964,489.47,"$969,725"
apartment,,62.1549186,117.6331338,725.99,"$614,069"
house,TAM,17.7409147,-91.7660525,92.6,"$947,244"
house,,12.5797,123.6688,252.66,"$891,019"
condo,,37.775349,117.385256,813.84,"$881,525"
villa,,25.454084,119.007777,22.67,"$382,018"
house,,12.1735243,-14.652952,100.36,"$542,070"
house,FL,30.3276652,-81.6631259,299.71,"$805,475"
apartment,,41.8012304,43.4814896,521.09,"$841,256"
townhouse,,14.592558,121.0227579,603.62,"$798,527"
villa,,36.867795,120.9057,552.24,"$529,155"
townhouse,,49.8180882,22.4761571,423.53,"$683,654"
house,,60.8004898,25.772962,961.07,"$606,707"
condo,,45.0575208,20.1945283,668.45,"$542,578"
townhouse,,48.8568191,36.5499896,529.97,"$555,723"
townhouse,,49.291889,142.878669,769.8,"$889,839"
apartment,,50.7885238,37.8995347,266.8,"$600,568"
townhouse,,-24.7869452,-65.4128686,358.24,"$61,675"
apartment,,-8.7581,120.7293,270.46,"$136,884"
apartment,,49.9248455,116.8425182,976.61,"$669,428"
house,,29.5846375,106.5042786,774.6,"$581,086"
villa,,32.897014,108.492371,180.47,"$626,338"
house,,29.865988,121.553559,840.71,"$886,504"
house,,-5.0402647,103.8390162,101.6,"$171,214"
villa,,-32.90269,18.7671299,795.56,"$140,487"
condo,,13.8015693,121.1498452,909.98,"$10,878"
villa,,-32.9444147,-62.2288223,720.83,"$103,050"
condo,,12.512997,109.140438,401.11,"$72,820"
condo,,32.5571916,-84.9047641,983.6,"$498,152"
villa,,30.741991,121.341969,410.83,"$899,289"
apartment,,30.3458998,-5.8406587,109.04,"$746,043"
condo,,-19.67511,-51.1913338,919.04,"$455,830"
villa,,40.5742298,48.3896404,309.83,"$60,001"
apartment,,-6.6591023,106.2931013,343.33,"$464,227"
townhouse,,-4.269928,138.0803529,824.64,"$243,478"
villa,,34.6743219,36.3971959,550.06,"$578,180"
townhouse,,55.87784,38.95423,29.43,"$611,042"
apartment,,53.149977,140.6634789,356.73,"$468,931"
apartment,B1,45.521519,3.5276642,688.77,"$833,831"
house,,40.9292486,23.1765232,72.25,"$853,795"
villa,,14.5458392,121.0044883,603.88,"$82,614"
house,,44.439044,125.1797741,257.7,"$976,971"
villa,,-34.6089515,-58.4464356,30.54,"$647,092"
condo,B2,48.7336014,7.0523637,567.26,"$939,127"
townhouse,,-7.2723024,112.7837381,437.54,"$891,939"
villa,,53.1944881,20.4744829,391.76,"$490,769"
villa,,36.195409,113.116404,358.5,"$120,640"
house,,45.2646668,14.5795071,785.44,"$206,049"
apartment,,29.423417,116.991463,358.9,"$943,581"
townhouse,,36.13848,36.61247,790.19,"$839,145"
condo,,14.5324564,-91.512542,447.64,"$69,924"
townhouse,,5.8700491,-57.1492443,768,"$248,967"
apartment,AB,59.4135021,17.9194345,815.93,"$464,308"
apartment,,26.790544,99.816059,394.18,"$215,047"
condo,,50.1987725,39.5632497,10.97,"$979,809"
townhouse,,-24.2530306,-49.7106625,303.1,"$731,658"
villa,,-8.0934,112.463,877.12,"$105,066"
townhouse,,50.1544063,15.4602634,188.79,"$710,188"
villa,,49.8401299,13.3555893,234.67,"$562,114"
townhouse,MN,44.9799999,-93.26,779.56,"$860,242"
condo,,35.332666,107.36785,721.61,"$449,979"
villa,,41.6412644,19.705595,606.64,"$250,123"
house,,59.1987737,17.8332915,839.92,"$204,317"
condo,,-8.6470988,115.2229232,956.43,"$485,076"
apartment,,52.6653765,49.7198694,447.27,"$211,656"
apartment,,30.726207,67.0720012,724.45,"$824,466"
condo,,40.9632212,24.8064244,233.97,"$411,027"
house,,19.8022278,-98.7067059,395.91,"$605,643"
villa,,41.9121057,22.4068944,496.69,"$692,703"
condo,,51.1644956,18.2903712,535.18,"$153,976"
condo,,20.5599652,-76.9095647,854.92,"$812,593"
condo,,56.4482379,21.5989599,607.83,"$360,589"
house,,-6.5337152,-76.4943827,935.49,"$83,859"
townhouse,LA,29.9640473,-90.1999318,796.17,"$454,809"
apartment,,54.157108,27.2318325,104.69,"$314,601"
house,,-1.575187,9.2591571,652.27,"$314,826"
apartment,,-8.1553145,111.8270486,803.72,"$751,452"
townhouse,,49.9521852,18.4800457,642.75,"$496,955"
townhouse,,-6.4306844,106.7175669,991.11,"$897,703"
villa,,16.5154623,102.4151335,901.39,"$795,867"
condo,A8,48.8466523,2.2582125,903.73,"$480,746"
condo,,15.4601543,101.1949191,140.38,"$351,977"
apartment,,64.403043,27.8381469,149.37,"$459,862"
condo,,16.0501738,103.5899733,848.22,"$438,750"
apartment,11,38.7988434,-9.4143322,701.47,"$597,628"
condo,,55.8824,37.489685,331.92,"$815,540"
condo,BC,50.44979,-119.20235,733.78,"$611,875"
apartment,,7.9180075,-71.0601767,803.9,"$20,157"
townhouse,,22.75839,108.487368,755.93,"$432,552"
house,,60.0298805,37.8057169,715.45,"$302,069"
townhouse,,30.2785,109.62866,603.62,"$568,993"
condo,,55.8056555,37.8046391,383.87,"$988,252"
apartment,,61.5928356,24.5915028,314.99,"$135,854"
